param,sensetivity
λ,-0.06298733020201897
ρ,-0.20466731202617439
cv,0.0
cf,0.06301659280429778
ϕ,0.0
Ū,0.0
