param,sensetivity
λ,-0.019243700403910602
ρ,-0.0625280574813418
cv,0.0
cf,0.019248859515139452
ϕ,0.0
Ū,0.0
