param,sensetivity
λ,-0.05039448247950995
ρ,0.4212011961468032
cv,-0.0
cf,-0.009747209099336684
ϕ,-1.94893539615687
Ū,-1.4620813649005027
