param,sensetivity
λ,-0.03406225011659547
ρ,0.2846907700037593
cv,-0.0
cf,-0.01969866943807297
ϕ,-1.9693928341132927
Ū,-1.4774002078554727
